<?xml version="1.0" encoding="UTF-8"?>
<xml>
  <metadata>
    <product_version><![CDATA[17.2]]></product_version>
    <header><![CDATA[{internal=true, parsedfieldorder=[], ixObject=ixForm, form=AE Connection Form, f=export_171336350530031493.xml, format=XML, mode=1, command=export}]]></header>
  </metadata>
<tenants>
  <tenant>
    <login_domain><![CDATA[broadcom.com]]></login_domain>
    <tenant_id><![CDATA[broadcom.com]]></tenant_id>
  </tenant>
</tenants>
  <form>
    <id><![CDATA[12429]]></id>
    <name><![CDATA[AE Connection Form]]></name>
    <type><![CDATA[2]]></type>
    <tenant><![CDATA[broadcom.com]]></tenant>
    <createdBy><![CDATA[spadmin]]></createdBy>
    <created><![CDATA[2019-03-05 10:44:52.417]]></created>
    <lastModifiedBy><![CDATA[spadmin]]></lastModifiedBy>
    <last_modified><![CDATA[2020-04-07 07:01:18.777]]></last_modified>
    <systemCompId><![CDATA[-1]]></systemCompId>
    <systemObject><![CDATA[false]]></systemObject>
    <parentId><![CDATA[1]]></parentId>
    <path><![CDATA[/1/]]></path>
    <trackId><![CDATA[EEEEA46F681A4CB78DAF4F06D026063C]]></trackId>
    <form_attributes>
      <locale><![CDATA[_system]]></locale>
      <name><![CDATA[formType]]></name>
      <value><![CDATA[configuration]]></value>
      <type><![CDATA[1]]></type>
    </form_attributes>
    <form_attributes>
      <locale><![CDATA[_system]]></locale>
      <name><![CDATA[labelAlign]]></name>
      <value><![CDATA[right]]></value>
      <type><![CDATA[1]]></type>
    </form_attributes>
    <form_attributes>
      <locale><![CDATA[_system]]></locale>
      <name><![CDATA[name]]></name>
      <value><![CDATA[ae_connection_config_imported]]></value>
      <type><![CDATA[1]]></type>
    </form_attributes>
    <form_attributes>
      <locale><![CDATA[_system]]></locale>
      <name><![CDATA[labelWidth]]></name>
      <value><![CDATA[110]]></value>
      <type><![CDATA[1]]></type>
    </form_attributes>
    <form_attributes>
      <locale><![CDATA[_system]]></locale>
      <name><![CDATA[_id]]></name>
      <value><![CDATA[ae_connection_config]]></value>
      <type><![CDATA[1]]></type>
    </form_attributes>
    <component>
      <id><![CDATA[12588]]></id>
      <name><![CDATA[Base URL]]></name>
      <type><![CDATA[5]]></type>
      <tenant><![CDATA[broadcom.com]]></tenant>
      <createdBy><![CDATA[spadmin]]></createdBy>
      <created><![CDATA[2020-04-06 09:58:41.497]]></created>
      <lastModifiedBy><![CDATA[spadmin]]></lastModifiedBy>
      <last_modified><![CDATA[2020-04-06 09:58:41.497]]></last_modified>
      <systemCompId><![CDATA[6]]></systemCompId>
      <systemObject><![CDATA[false]]></systemObject>
      <parentId><![CDATA[12429]]></parentId>
      <path><![CDATA[/1/12429/]]></path>
      <component_attributes>
        <locale><![CDATA[_system]]></locale>
        <name><![CDATA[password]]></name>
        <value><![CDATA[false]]></value>
        <type><![CDATA[1]]></type>
      </component_attributes>
      <component_attributes>
        <locale><![CDATA[_system]]></locale>
        <name><![CDATA[hidden]]></name>
        <value><![CDATA[false]]></value>
        <type><![CDATA[1]]></type>
      </component_attributes>
      <component_attributes>
        <locale><![CDATA[_system]]></locale>
        <name><![CDATA[includeinemail]]></name>
        <value><![CDATA[true]]></value>
        <type><![CDATA[1]]></type>
      </component_attributes>
      <component_attributes>
        <locale><![CDATA[_system]]></locale>
        <name><![CDATA[tooltip]]></name>
        <value><![CDATA[Please provide Automic API URL to connect to Automic. e.g. http://localhost:8088]]></value>
        <type><![CDATA[1]]></type>
      </component_attributes>
      <component_attributes>
        <locale><![CDATA[_system]]></locale>
        <name><![CDATA[disabled]]></name>
        <value><![CDATA[false]]></value>
        <type><![CDATA[1]]></type>
      </component_attributes>
      <component_attributes>
        <locale><![CDATA[_system]]></locale>
        <name><![CDATA[_id]]></name>
        <value><![CDATA[baseurl]]></value>
        <type><![CDATA[1]]></type>
      </component_attributes>
      <component_attributes>
        <locale><![CDATA[_system]]></locale>
        <name><![CDATA[value]]></name>
        <value><![CDATA[http://localhost:8088]]></value>
        <type><![CDATA[1]]></type>
      </component_attributes>
      <component_attributes>
        <locale><![CDATA[_system]]></locale>
        <name><![CDATA[required]]></name>
        <value><![CDATA[true]]></value>
        <type><![CDATA[1]]></type>
      </component_attributes>
      <component_attributes>
        <locale><![CDATA[_system]]></locale>
        <name><![CDATA[hideLabel]]></name>
        <value><![CDATA[false]]></value>
        <type><![CDATA[1]]></type>
      </component_attributes>
    </component>
    <component>
      <id><![CDATA[12589]]></id>
      <name><![CDATA[Client ID]]></name>
      <type><![CDATA[5]]></type>
      <tenant><![CDATA[broadcom.com]]></tenant>
      <createdBy><![CDATA[spadmin]]></createdBy>
      <created><![CDATA[2020-04-06 09:58:41.513]]></created>
      <lastModifiedBy><![CDATA[spadmin]]></lastModifiedBy>
      <last_modified><![CDATA[2020-04-06 09:58:41.513]]></last_modified>
      <systemCompId><![CDATA[6]]></systemCompId>
      <systemObject><![CDATA[false]]></systemObject>
      <parentId><![CDATA[12429]]></parentId>
      <path><![CDATA[/1/12429/]]></path>
      <component_attributes>
        <locale><![CDATA[_system]]></locale>
        <name><![CDATA[password]]></name>
        <value><![CDATA[false]]></value>
        <type><![CDATA[1]]></type>
      </component_attributes>
      <component_attributes>
        <locale><![CDATA[_system]]></locale>
        <name><![CDATA[hidden]]></name>
        <value><![CDATA[false]]></value>
        <type><![CDATA[1]]></type>
      </component_attributes>
      <component_attributes>
        <locale><![CDATA[_system]]></locale>
        <name><![CDATA[includeinemail]]></name>
        <value><![CDATA[true]]></value>
        <type><![CDATA[1]]></type>
      </component_attributes>
      <component_attributes>
        <locale><![CDATA[_system]]></locale>
        <name><![CDATA[tooltip]]></name>
        <value><![CDATA[Please provide client id to connect to Automic. e.g. 100]]></value>
        <type><![CDATA[1]]></type>
      </component_attributes>
      <component_attributes>
        <locale><![CDATA[_system]]></locale>
        <name><![CDATA[disabled]]></name>
        <value><![CDATA[false]]></value>
        <type><![CDATA[1]]></type>
      </component_attributes>
      <component_attributes>
        <locale><![CDATA[_system]]></locale>
        <name><![CDATA[_id]]></name>
        <value><![CDATA[client_id]]></value>
        <type><![CDATA[1]]></type>
      </component_attributes>
      <component_attributes>
        <locale><![CDATA[_system]]></locale>
        <name><![CDATA[value]]></name>
        <value><![CDATA[100]]></value>
        <type><![CDATA[1]]></type>
      </component_attributes>
      <component_attributes>
        <locale><![CDATA[_system]]></locale>
        <name><![CDATA[required]]></name>
        <value><![CDATA[true]]></value>
        <type><![CDATA[1]]></type>
      </component_attributes>
      <component_attributes>
        <locale><![CDATA[_system]]></locale>
        <name><![CDATA[hideLabel]]></name>
        <value><![CDATA[false]]></value>
        <type><![CDATA[1]]></type>
      </component_attributes>
    </component>
    <component>
      <id><![CDATA[12590]]></id>
      <name><![CDATA[Username]]></name>
      <type><![CDATA[5]]></type>
      <tenant><![CDATA[broadcom.com]]></tenant>
      <createdBy><![CDATA[spadmin]]></createdBy>
      <created><![CDATA[2020-04-06 09:58:41.523]]></created>
      <lastModifiedBy><![CDATA[spadmin]]></lastModifiedBy>
      <last_modified><![CDATA[2020-04-06 09:58:41.523]]></last_modified>
      <systemCompId><![CDATA[6]]></systemCompId>
      <systemObject><![CDATA[false]]></systemObject>
      <parentId><![CDATA[12429]]></parentId>
      <path><![CDATA[/1/12429/]]></path>
      <component_attributes>
        <locale><![CDATA[_system]]></locale>
        <name><![CDATA[password]]></name>
        <value><![CDATA[false]]></value>
        <type><![CDATA[1]]></type>
      </component_attributes>
      <component_attributes>
        <locale><![CDATA[_system]]></locale>
        <name><![CDATA[hidden]]></name>
        <value><![CDATA[false]]></value>
        <type><![CDATA[1]]></type>
      </component_attributes>
      <component_attributes>
        <locale><![CDATA[_system]]></locale>
        <name><![CDATA[includeinemail]]></name>
        <value><![CDATA[true]]></value>
        <type><![CDATA[1]]></type>
      </component_attributes>
      <component_attributes>
        <locale><![CDATA[_system]]></locale>
        <name><![CDATA[tooltip]]></name>
        <value><![CDATA[Please provide Username to connect to Automic. e.g. AUTOMIC]]></value>
        <type><![CDATA[1]]></type>
      </component_attributes>
      <component_attributes>
        <locale><![CDATA[_system]]></locale>
        <name><![CDATA[disabled]]></name>
        <value><![CDATA[false]]></value>
        <type><![CDATA[1]]></type>
      </component_attributes>
      <component_attributes>
        <locale><![CDATA[_system]]></locale>
        <name><![CDATA[_id]]></name>
        <value><![CDATA[username]]></value>
        <type><![CDATA[1]]></type>
      </component_attributes>
      <component_attributes>
        <locale><![CDATA[_system]]></locale>
        <name><![CDATA[value]]></name>
        <value><![CDATA[AUTOMIC]]></value>
        <type><![CDATA[1]]></type>
      </component_attributes>
      <component_attributes>
        <locale><![CDATA[_system]]></locale>
        <name><![CDATA[required]]></name>
        <value><![CDATA[true]]></value>
        <type><![CDATA[1]]></type>
      </component_attributes>
      <component_attributes>
        <locale><![CDATA[_system]]></locale>
        <name><![CDATA[hideLabel]]></name>
        <value><![CDATA[false]]></value>
        <type><![CDATA[1]]></type>
      </component_attributes>
    </component>
    <component>
      <id><![CDATA[12591]]></id>
      <name><![CDATA[Department]]></name>
      <type><![CDATA[5]]></type>
      <tenant><![CDATA[broadcom.com]]></tenant>
      <createdBy><![CDATA[spadmin]]></createdBy>
      <created><![CDATA[2020-04-06 09:58:41.537]]></created>
      <lastModifiedBy><![CDATA[spadmin]]></lastModifiedBy>
      <last_modified><![CDATA[2020-04-06 09:58:41.537]]></last_modified>
      <systemCompId><![CDATA[6]]></systemCompId>
      <systemObject><![CDATA[false]]></systemObject>
      <parentId><![CDATA[12429]]></parentId>
      <path><![CDATA[/1/12429/]]></path>
      <component_attributes>
        <locale><![CDATA[_system]]></locale>
        <name><![CDATA[password]]></name>
        <value><![CDATA[false]]></value>
        <type><![CDATA[1]]></type>
      </component_attributes>
      <component_attributes>
        <locale><![CDATA[_system]]></locale>
        <name><![CDATA[hidden]]></name>
        <value><![CDATA[false]]></value>
        <type><![CDATA[1]]></type>
      </component_attributes>
      <component_attributes>
        <locale><![CDATA[_system]]></locale>
        <name><![CDATA[includeinemail]]></name>
        <value><![CDATA[true]]></value>
        <type><![CDATA[1]]></type>
      </component_attributes>
      <component_attributes>
        <locale><![CDATA[_system]]></locale>
        <name><![CDATA[tooltip]]></name>
        <value><![CDATA[Please provide Department to connect to Automic. e.g. AUTOMIC]]></value>
        <type><![CDATA[1]]></type>
      </component_attributes>
      <component_attributes>
        <locale><![CDATA[_system]]></locale>
        <name><![CDATA[disabled]]></name>
        <value><![CDATA[false]]></value>
        <type><![CDATA[1]]></type>
      </component_attributes>
      <component_attributes>
        <locale><![CDATA[_system]]></locale>
        <name><![CDATA[_id]]></name>
        <value><![CDATA[department]]></value>
        <type><![CDATA[1]]></type>
      </component_attributes>
      <component_attributes>
        <locale><![CDATA[_system]]></locale>
        <name><![CDATA[value]]></name>
        <value><![CDATA[AUTOMIC]]></value>
        <type><![CDATA[1]]></type>
      </component_attributes>
      <component_attributes>
        <locale><![CDATA[_system]]></locale>
        <name><![CDATA[required]]></name>
        <value><![CDATA[true]]></value>
        <type><![CDATA[1]]></type>
      </component_attributes>
      <component_attributes>
        <locale><![CDATA[_system]]></locale>
        <name><![CDATA[hideLabel]]></name>
        <value><![CDATA[false]]></value>
        <type><![CDATA[1]]></type>
      </component_attributes>
    </component>
    <component>
      <id><![CDATA[12592]]></id>
      <name><![CDATA[Password]]></name>
      <type><![CDATA[5]]></type>
      <tenant><![CDATA[broadcom.com]]></tenant>
      <createdBy><![CDATA[spadmin]]></createdBy>
      <created><![CDATA[2020-04-06 09:58:41.547]]></created>
      <lastModifiedBy><![CDATA[spadmin]]></lastModifiedBy>
      <last_modified><![CDATA[2020-04-06 09:58:41.547]]></last_modified>
      <systemCompId><![CDATA[6]]></systemCompId>
      <systemObject><![CDATA[false]]></systemObject>
      <parentId><![CDATA[12429]]></parentId>
      <path><![CDATA[/1/12429/]]></path>
      <component_attributes>
        <locale><![CDATA[_system]]></locale>
        <name><![CDATA[password]]></name>
        <value><![CDATA[true]]></value>
        <type><![CDATA[1]]></type>
      </component_attributes>
      <component_attributes>
        <locale><![CDATA[_system]]></locale>
        <name><![CDATA[hidden]]></name>
        <value><![CDATA[false]]></value>
        <type><![CDATA[1]]></type>
      </component_attributes>
      <component_attributes>
        <locale><![CDATA[_system]]></locale>
        <name><![CDATA[includeinemail]]></name>
        <value><![CDATA[true]]></value>
        <type><![CDATA[1]]></type>
      </component_attributes>
      <component_attributes>
        <locale><![CDATA[_system]]></locale>
        <name><![CDATA[tooltip]]></name>
        <value><![CDATA[Please provide Password to connect to Automic.]]></value>
        <type><![CDATA[1]]></type>
      </component_attributes>
      <component_attributes>
        <locale><![CDATA[_system]]></locale>
        <name><![CDATA[disabled]]></name>
        <value><![CDATA[false]]></value>
        <type><![CDATA[1]]></type>
      </component_attributes>
      <component_attributes>
        <locale><![CDATA[_system]]></locale>
        <name><![CDATA[_id]]></name>
        <value><![CDATA[password]]></value>
        <type><![CDATA[1]]></type>
      </component_attributes>
      <component_attributes>
        <locale><![CDATA[_system]]></locale>
        <name><![CDATA[value]]></name>
        <value><![CDATA[AUTOMIC]]></value>
        <type><![CDATA[1]]></type>
      </component_attributes>
      <component_attributes>
        <locale><![CDATA[_system]]></locale>
        <name><![CDATA[required]]></name>
        <value><![CDATA[true]]></value>
        <type><![CDATA[1]]></type>
      </component_attributes>
      <component_attributes>
        <locale><![CDATA[_system]]></locale>
        <name><![CDATA[hideLabel]]></name>
        <value><![CDATA[false]]></value>
        <type><![CDATA[1]]></type>
      </component_attributes>
    </component>
    <component>
      <id><![CDATA[12593]]></id>
      <name><![CDATA[API Version]]></name>
      <type><![CDATA[5]]></type>
      <tenant><![CDATA[broadcom.com]]></tenant>
      <createdBy><![CDATA[spadmin]]></createdBy>
      <created><![CDATA[2020-04-06 09:58:41.567]]></created>
      <lastModifiedBy><![CDATA[spadmin]]></lastModifiedBy>
      <last_modified><![CDATA[2020-04-06 09:58:41.567]]></last_modified>
      <systemCompId><![CDATA[6]]></systemCompId>
      <systemObject><![CDATA[false]]></systemObject>
      <parentId><![CDATA[12429]]></parentId>
      <path><![CDATA[/1/12429/]]></path>
      <component_attributes>
        <locale><![CDATA[_system]]></locale>
        <name><![CDATA[password]]></name>
        <value><![CDATA[false]]></value>
        <type><![CDATA[1]]></type>
      </component_attributes>
      <component_attributes>
        <locale><![CDATA[_system]]></locale>
        <name><![CDATA[hidden]]></name>
        <value><![CDATA[false]]></value>
        <type><![CDATA[1]]></type>
      </component_attributes>
      <component_attributes>
        <locale><![CDATA[_system]]></locale>
        <name><![CDATA[includeinemail]]></name>
        <value><![CDATA[true]]></value>
        <type><![CDATA[1]]></type>
      </component_attributes>
      <component_attributes>
        <locale><![CDATA[_system]]></locale>
        <name><![CDATA[tooltip]]></name>
        <value><![CDATA[Please provide Automic API version to connect to Automic. e.g. v1]]></value>
        <type><![CDATA[1]]></type>
      </component_attributes>
      <component_attributes>
        <locale><![CDATA[_system]]></locale>
        <name><![CDATA[disabled]]></name>
        <value><![CDATA[false]]></value>
        <type><![CDATA[1]]></type>
      </component_attributes>
      <component_attributes>
        <locale><![CDATA[_system]]></locale>
        <name><![CDATA[_id]]></name>
        <value><![CDATA[api_version]]></value>
        <type><![CDATA[1]]></type>
      </component_attributes>
      <component_attributes>
        <locale><![CDATA[_system]]></locale>
        <name><![CDATA[value]]></name>
        <value><![CDATA[v1]]></value>
        <type><![CDATA[1]]></type>
      </component_attributes>
      <component_attributes>
        <locale><![CDATA[_system]]></locale>
        <name><![CDATA[required]]></name>
        <value><![CDATA[true]]></value>
        <type><![CDATA[1]]></type>
      </component_attributes>
      <component_attributes>
        <locale><![CDATA[_system]]></locale>
        <name><![CDATA[hideLabel]]></name>
        <value><![CDATA[false]]></value>
        <type><![CDATA[1]]></type>
      </component_attributes>
    </component>
    <component>
      <id><![CDATA[12594]]></id>
      <name><![CDATA[CASC Username]]></name>
      <type><![CDATA[5]]></type>
      <tenant><![CDATA[broadcom.com]]></tenant>
      <createdBy><![CDATA[spadmin]]></createdBy>
      <created><![CDATA[2020-04-06 09:58:41.577]]></created>
      <lastModifiedBy><![CDATA[spadmin]]></lastModifiedBy>
      <last_modified><![CDATA[2020-04-06 09:58:41.577]]></last_modified>
      <systemCompId><![CDATA[6]]></systemCompId>
      <systemObject><![CDATA[false]]></systemObject>
      <parentId><![CDATA[12429]]></parentId>
      <path><![CDATA[/1/12429/]]></path>
      <component_attributes>
        <locale><![CDATA[_system]]></locale>
        <name><![CDATA[password]]></name>
        <value><![CDATA[false]]></value>
        <type><![CDATA[1]]></type>
      </component_attributes>
      <component_attributes>
        <locale><![CDATA[_system]]></locale>
        <name><![CDATA[hidden]]></name>
        <value><![CDATA[false]]></value>
        <type><![CDATA[1]]></type>
      </component_attributes>
      <component_attributes>
        <locale><![CDATA[_system]]></locale>
        <name><![CDATA[includeinemail]]></name>
        <value><![CDATA[true]]></value>
        <type><![CDATA[1]]></type>
      </component_attributes>
      <component_attributes>
        <locale><![CDATA[_system]]></locale>
        <name><![CDATA[tooltip]]></name>
        <value><![CDATA[Please provide CASC Username to add notes  in Requests if Automic workflow is not started for some reason.]]></value>
        <type><![CDATA[1]]></type>
      </component_attributes>
      <component_attributes>
        <locale><![CDATA[_system]]></locale>
        <name><![CDATA[disabled]]></name>
        <value><![CDATA[false]]></value>
        <type><![CDATA[1]]></type>
      </component_attributes>
      <component_attributes>
        <locale><![CDATA[_system]]></locale>
        <name><![CDATA[_id]]></name>
        <value><![CDATA[casc_username]]></value>
        <type><![CDATA[1]]></type>
      </component_attributes>
      <component_attributes>
        <locale><![CDATA[_system]]></locale>
        <name><![CDATA[value]]></name>
        <value><![CDATA[spadmin]]></value>
        <type><![CDATA[1]]></type>
      </component_attributes>
      <component_attributes>
        <locale><![CDATA[_system]]></locale>
        <name><![CDATA[required]]></name>
        <value><![CDATA[true]]></value>
        <type><![CDATA[1]]></type>
      </component_attributes>
      <component_attributes>
        <locale><![CDATA[_system]]></locale>
        <name><![CDATA[hideLabel]]></name>
        <value><![CDATA[false]]></value>
        <type><![CDATA[1]]></type>
      </component_attributes>
    </component>
    <component>
      <id><![CDATA[12595]]></id>
      <name><![CDATA[CASC Password]]></name>
      <type><![CDATA[5]]></type>
      <tenant><![CDATA[broadcom.com]]></tenant>
      <createdBy><![CDATA[spadmin]]></createdBy>
      <created><![CDATA[2020-04-06 09:58:41.593]]></created>
      <lastModifiedBy><![CDATA[spadmin]]></lastModifiedBy>
      <last_modified><![CDATA[2020-04-06 09:58:41.593]]></last_modified>
      <systemCompId><![CDATA[6]]></systemCompId>
      <systemObject><![CDATA[false]]></systemObject>
      <parentId><![CDATA[12429]]></parentId>
      <path><![CDATA[/1/12429/]]></path>
      <component_attributes>
        <locale><![CDATA[_system]]></locale>
        <name><![CDATA[password]]></name>
        <value><![CDATA[true]]></value>
        <type><![CDATA[1]]></type>
      </component_attributes>
      <component_attributes>
        <locale><![CDATA[_system]]></locale>
        <name><![CDATA[hidden]]></name>
        <value><![CDATA[false]]></value>
        <type><![CDATA[1]]></type>
      </component_attributes>
      <component_attributes>
        <locale><![CDATA[_system]]></locale>
        <name><![CDATA[includeinemail]]></name>
        <value><![CDATA[true]]></value>
        <type><![CDATA[1]]></type>
      </component_attributes>
      <component_attributes>
        <locale><![CDATA[_system]]></locale>
        <name><![CDATA[tooltip]]></name>
        <value><![CDATA[Please provide CASC Password to add notes in Requests.]]></value>
        <type><![CDATA[1]]></type>
      </component_attributes>
      <component_attributes>
        <locale><![CDATA[_system]]></locale>
        <name><![CDATA[disabled]]></name>
        <value><![CDATA[false]]></value>
        <type><![CDATA[1]]></type>
      </component_attributes>
      <component_attributes>
        <locale><![CDATA[_system]]></locale>
        <name><![CDATA[_id]]></name>
        <value><![CDATA[casc_password]]></value>
        <type><![CDATA[1]]></type>
      </component_attributes>
      <component_attributes>
        <locale><![CDATA[_system]]></locale>
        <name><![CDATA[value]]></name>
        <value><![CDATA[spadmin]]></value>
        <type><![CDATA[1]]></type>
      </component_attributes>
      <component_attributes>
        <locale><![CDATA[_system]]></locale>
        <name><![CDATA[required]]></name>
        <value><![CDATA[true]]></value>
        <type><![CDATA[1]]></type>
      </component_attributes>
      <component_attributes>
        <locale><![CDATA[_system]]></locale>
        <name><![CDATA[hideLabel]]></name>
        <value><![CDATA[false]]></value>
        <type><![CDATA[1]]></type>
      </component_attributes>
    </component>
    <component>
      <id><![CDATA[12605]]></id>
      <name><![CDATA[CASC Base Url]]></name>
      <type><![CDATA[5]]></type>
      <tenant><![CDATA[broadcom.com]]></tenant>
      <createdBy><![CDATA[spadmin]]></createdBy>
      <created><![CDATA[2020-04-07 06:56:02.67]]></created>
      <lastModifiedBy><![CDATA[spadmin]]></lastModifiedBy>
      <last_modified><![CDATA[2020-04-07 07:01:18.777]]></last_modified>
      <systemCompId><![CDATA[6]]></systemCompId>
      <systemObject><![CDATA[false]]></systemObject>
      <parentId><![CDATA[12429]]></parentId>
      <path><![CDATA[/1/12429/]]></path>
      <component_attributes>
        <locale><![CDATA[_system]]></locale>
        <name><![CDATA[password]]></name>
        <value><![CDATA[false]]></value>
        <type><![CDATA[1]]></type>
      </component_attributes>
      <component_attributes>
        <locale><![CDATA[_system]]></locale>
        <name><![CDATA[hidden]]></name>
        <value><![CDATA[false]]></value>
        <type><![CDATA[1]]></type>
      </component_attributes>
      <component_attributes>
        <locale><![CDATA[_system]]></locale>
        <name><![CDATA[includeinemail]]></name>
        <value><![CDATA[true]]></value>
        <type><![CDATA[1]]></type>
      </component_attributes>
      <component_attributes>
        <locale><![CDATA[_system]]></locale>
        <name><![CDATA[tooltip]]></name>
        <value><![CDATA[Please provide CASC Base Url to add notes  in Request. E.g. http://localhost:8080]]></value>
        <type><![CDATA[1]]></type>
      </component_attributes>
      <component_attributes>
        <locale><![CDATA[_system]]></locale>
        <name><![CDATA[disabled]]></name>
        <value><![CDATA[false]]></value>
        <type><![CDATA[1]]></type>
      </component_attributes>
      <component_attributes>
        <locale><![CDATA[_system]]></locale>
        <name><![CDATA[_id]]></name>
        <value><![CDATA[casc_baseurl]]></value>
        <type><![CDATA[1]]></type>
      </component_attributes>
      <component_attributes>
        <locale><![CDATA[_system]]></locale>
        <name><![CDATA[value]]></name>
        <value><![CDATA[http://10.49.164.140:8089]]></value>
        <type><![CDATA[1]]></type>
      </component_attributes>
      <component_attributes>
        <locale><![CDATA[_system]]></locale>
        <name><![CDATA[required]]></name>
        <value><![CDATA[true]]></value>
        <type><![CDATA[1]]></type>
      </component_attributes>
      <component_attributes>
        <locale><![CDATA[_system]]></locale>
        <name><![CDATA[hideLabel]]></name>
        <value><![CDATA[false]]></value>
        <type><![CDATA[1]]></type>
      </component_attributes>
    </component>
  </form>
</xml>
